City_ID,City,Country,Date,Lat,Lng,Max Temp,Humidity,Cloudiness,Wind Speed
0,Bluff,NZ,2020-10-07 06:50:39,-46.6,168.33,46.0,70,47,5.01
1,Castro,BR,2020-10-07 06:50:40,-24.79,-50.01,61.39,97,80,4.34
2,Torbay,CA,2020-10-07 06:50:40,47.67,-52.73,50.0,93,75,14.99
3,Moron,AR,2020-10-07 06:50:40,-34.65,-58.62,57.99,94,65,3.53
4,Hofn,IS,2020-10-07 06:50:40,64.25,-15.21,47.35,94,100,4.29
5,Isangel,VU,2020-10-07 06:50:41,-19.55,169.27,77.0,69,40,5.82
6,Xining,CN,2020-10-07 06:50:41,36.62,101.77,61.93,31,0,2.04
7,Kruisfontein,ZA,2020-10-07 06:50:41,-34.0,24.73,69.78,48,0,4.72
8,Tiksi,RU,2020-10-07 06:50:41,71.69,128.87,26.78,96,94,28.52
9,Hermanus,ZA,2020-10-07 06:50:42,-34.42,19.23,62.13,77,0,2.91
10,Svetlaya,RU,2020-10-07 06:50:42,46.54,138.33,57.56,54,7,4.09
11,Omsukchan,RU,2020-10-07 06:50:42,62.53,155.8,26.67,85,0,5.26
12,Kapaa,US,2020-10-07 06:50:42,22.08,-159.32,80.6,74,20,6.93
13,Hasaki,JP,2020-10-07 06:50:42,35.73,140.83,64.4,82,90,5.82
14,Arraial Do Cabo,BR,2020-10-07 06:50:43,-22.97,-42.03,73.36,95,16,10.56
15,Tura,IN,2020-10-07 06:50:43,25.52,90.22,83.14,79,41,3.18
16,Punta Arenas,CL,2020-10-07 06:50:43,-53.15,-70.92,35.6,80,4,8.05
17,Albany,US,2020-10-07 06:50:43,42.6,-73.97,57.99,64,94,4.99
18,Busselton,AU,2020-10-07 06:50:44,-33.65,115.33,66.0,60,95,8.01
19,Ushuaia,AR,2020-10-07 06:45:49,-54.8,-68.3,35.6,92,75,6.93
20,Buin,CL,2020-10-07 06:50:45,-33.73,-70.75,53.01,76,0,2.24
21,Northam,GB,2020-10-07 06:50:45,51.03,-4.22,54.0,81,100,11.01
22,Lavrentiya,RU,2020-10-07 06:50:45,65.58,-171.0,36.57,86,100,28.88
23,Mao,ES,2020-10-07 06:50:46,39.89,4.27,68.0,82,66,6.93
24,Kahului,US,2020-10-07 06:48:51,20.89,-156.47,80.6,61,20,13.87
25,Kodiak,US,2020-10-07 06:48:18,57.79,-152.41,42.8,75,90,5.82
26,Dikson,RU,2020-10-07 06:50:47,73.51,80.55,34.63,98,100,8.21
27,Vaini,TO,2020-10-07 06:50:47,-21.2,-175.2,75.2,94,75,8.05
28,Mataura,NZ,2020-10-07 06:50:47,-46.19,168.86,46.0,70,63,5.01
29,Rikitea,PF,2020-10-07 06:50:47,-23.12,-134.97,74.05,85,100,1.77
30,Esperance,AU,2020-10-07 06:50:48,-33.87,121.9,68.0,34,100,9.17
31,Teeli,RU,2020-10-07 06:50:48,51.03,90.23,43.34,59,15,3.13
32,Avera,US,2020-10-07 06:50:48,33.19,-82.53,66.2,95,75,2.24
33,Hihya,EG,2020-10-07 06:50:48,30.67,31.59,78.8,74,0,14.99
34,Qaanaaq,GL,2020-10-07 06:50:49,77.48,-69.36,11.32,78,0,6.67
35,Hithadhoo,MV,2020-10-07 06:50:49,-0.6,73.08,83.19,72,80,10.16
36,Imbituba,BR,2020-10-07 06:50:49,-28.24,-48.67,64.4,88,90,4.7
37,San Patricio,MX,2020-10-07 06:50:50,19.22,-104.7,77.09,82,100,5.46
38,Bredasdorp,ZA,2020-10-07 06:50:50,-34.53,20.04,57.2,93,33,2.24
39,Yar-Sale,RU,2020-10-07 06:50:50,66.83,70.83,35.78,79,16,19.71
40,Mar Del Plata,AR,2020-10-07 06:48:21,-38.0,-57.56,53.01,100,0,9.17
41,Atuona,PF,2020-10-07 06:50:51,-9.8,-139.03,77.79,79,2,17.31
42,Pasighat,IN,2020-10-07 06:50:51,28.07,95.33,81.28,78,84,2.89
43,La Orilla,MX,2020-10-07 06:50:51,17.98,-102.23,75.72,91,4,4.36
44,Airai,TL,2020-10-07 06:50:51,-8.93,125.41,68.81,88,98,2.28
45,Puerto Ayora,EC,2020-10-07 06:50:51,-0.74,-90.35,66.99,90,100,3.0
46,Georgetown,MY,2020-10-07 06:50:52,5.41,100.34,78.8,88,40,5.82
47,Avarua,CK,2020-10-07 06:50:52,-21.21,-159.78,71.6,68,84,16.11
48,Sao Filipe,CV,2020-10-07 06:50:53,14.9,-24.5,77.74,72,35,2.75
49,Padang,ID,2020-10-07 06:49:52,-0.95,100.35,81.9,74,100,8.3
50,Erzin,TR,2020-10-07 06:50:53,36.96,36.2,80.01,51,0,4.38
51,Priyutnoye,RU,2020-10-07 06:50:53,46.1,43.51,66.06,43,0,19.86
52,Saint George,US,2020-10-07 06:50:03,37.1,-113.58,69.8,9,1,2.21
53,Kaitangata,NZ,2020-10-07 06:50:54,-46.28,169.85,43.0,72,50,5.99
54,Le Mars,US,2020-10-07 06:47:22,42.79,-96.17,62.01,81,1,6.4
55,New Norfolk,AU,2020-10-07 06:50:54,-42.78,147.06,59.0,65,24,1.99
56,Keflavik,IS,2020-10-07 06:50:54,64.0,-22.56,39.2,86,75,2.24
57,High Level,CA,2020-10-07 06:50:55,58.52,-117.14,44.6,93,90,4.7
58,Nadadores,MX,2020-10-07 06:50:55,27.05,-101.6,75.0,42,0,1.01
59,Rocha,UY,2020-10-07 06:50:55,-34.48,-54.33,46.29,90,80,2.71
60,Ahipara,NZ,2020-10-07 06:50:56,-35.17,173.17,58.15,89,95,11.18
61,Coihaique,CL,2020-10-07 06:50:56,-45.58,-72.07,36.09,85,89,6.15
62,Gibsons,CA,2020-10-07 06:50:56,49.4,-123.5,57.99,95,0,5.01
63,Iqaluit,CA,2020-10-07 06:50:57,63.75,-68.51,32.0,96,90,9.17
64,Jamestown,US,2020-10-07 06:49:22,42.1,-79.24,60.01,66,1,9.17
65,Ranong,TH,2020-10-07 06:50:57,9.97,98.63,86.0,79,75,5.82
66,Sao Joao Da Barra,BR,2020-10-07 06:50:58,-21.64,-41.05,73.85,91,20,12.19
67,Aklavik,CA,2020-10-07 06:50:58,68.22,-135.01,32.0,97,90,4.7
68,Midland,US,2020-10-07 06:50:58,32.0,-102.08,71.6,40,1,5.82
69,Saint-Philippe,RE,2020-10-07 06:50:59,-21.36,55.77,78.8,74,20,11.41
70,Jinchang,CN,2020-10-07 06:50:59,38.5,102.17,66.58,27,100,6.26
71,Beloslav,BG,2020-10-07 06:50:59,43.18,27.7,71.01,68,7,5.82
72,Saint Anthony,US,2020-10-07 06:51:00,45.02,-93.22,66.99,34,90,10.29
73,Kangaatsiaq,GL,2020-10-07 06:51:00,68.31,-53.46,21.81,94,0,11.86
74,Alihe,CN,2020-10-07 06:51:00,50.57,123.72,48.54,48,4,2.86
75,Horconcitos,PA,2020-10-07 06:51:01,8.47,-81.8,77.0,86,100,1.01
76,Mackay,AU,2020-10-07 06:51:01,-21.15,149.2,77.0,65,75,12.75
77,Kajaani,FI,2020-10-07 06:51:01,64.23,27.73,51.8,100,75,5.82
78,Saint-Francois,FR,2020-10-07 06:51:02,46.42,3.91,53.01,91,100,3.0
79,Khunti,IN,2020-10-07 06:50:55,23.08,85.28,84.2,70,75,6.4
80,Tocopilla,CL,2020-10-07 06:51:02,-22.09,-70.2,57.88,69,0,2.59
81,Yaan,NG,2020-10-07 06:51:03,7.38,8.57,70.81,93,99,6.24
82,Upernavik,GL,2020-10-07 06:51:03,72.79,-56.15,20.12,83,97,5.7
83,Grindavik,IS,2020-10-07 06:51:03,63.84,-22.43,39.2,86,75,2.24
84,Ilulissat,GL,2020-10-07 06:51:04,69.22,-51.1,21.2,53,98,12.75
85,Cape Town,ZA,2020-10-07 06:46:21,-33.93,18.42,62.01,93,75,12.75
86,Acarau,BR,2020-10-07 06:51:05,-2.89,-40.12,75.94,86,51,13.42
87,Susanville,US,2020-10-07 06:51:05,40.42,-120.65,51.8,25,1,4.7
88,Leningradskiy,RU,2020-10-07 06:51:05,69.38,178.42,24.01,89,100,4.76
89,Cherskiy,RU,2020-10-07 06:51:05,68.75,161.3,28.27,92,0,5.79
90,Ust-Tsilma,RU,2020-10-07 06:51:06,65.44,52.15,37.94,74,0,5.1
91,Barrow,US,2020-10-07 06:51:06,71.29,-156.79,30.2,68,90,9.17
92,Clyde River,CA,2020-10-07 06:51:06,70.47,-68.59,32.0,94,90,18.34
93,Djambala,CG,2020-10-07 06:51:07,-2.54,14.75,71.35,89,100,8.32
94,Yellowknife,CA,2020-10-07 06:51:07,62.46,-114.35,39.2,78,90,6.93
95,Yerbogachen,RU,2020-10-07 06:51:07,61.28,108.01,33.89,81,100,18.86
96,Chapais,CA,2020-10-07 06:51:07,49.78,-74.85,46.4,93,90,3.36
97,Marzuq,YE,2020-10-07 06:51:08,14.4,46.47,84.47,21,0,7.05
98,Mishan,CN,2020-10-07 06:51:08,45.55,131.88,53.94,52,25,5.06
99,Nakamura,JP,2020-10-07 06:51:08,32.98,132.93,67.39,84,100,5.57
100,Oriximina,BR,2020-10-07 06:51:08,-1.77,-55.87,74.43,86,87,0.76
101,Faanui,PF,2020-10-07 06:51:08,-16.48,-151.75,78.22,79,4,16.93
102,Lejre,DK,2020-10-07 06:51:09,55.6,11.97,54.0,93,85,6.93
103,Zhuanghe,CN,2020-10-07 06:51:09,39.7,122.99,66.94,51,1,10.69
104,Vostok,RU,2020-10-07 06:51:09,46.49,135.88,43.81,70,1,7.27
105,Orangeburg,US,2020-10-07 06:51:09,33.49,-80.86,66.0,100,1,3.18
106,Nikolskoye,RU,2020-10-07 06:51:10,59.7,30.79,54.0,93,90,4.47
107,Leh,IN,2020-10-07 06:51:10,34.17,77.58,51.42,28,0,5.79
108,Kargala,RU,2020-10-07 06:51:10,56.62,83.96,34.0,93,100,8.46
109,Kampot,KH,2020-10-07 06:51:10,10.62,104.18,86.0,74,40,8.05
110,Fare,PF,2020-10-07 06:51:11,-16.7,-151.02,79.0,77,0,17.87
111,Lasa,IT,2020-10-07 06:51:11,46.62,10.7,53.01,86,40,5.82
112,Olafsvik,IS,2020-10-07 06:51:11,64.89,-23.71,42.69,71,100,2.39
113,Beringovskiy,RU,2020-10-07 06:51:11,63.05,179.32,43.57,94,100,28.05
114,Klaksvik,FO,2020-10-07 06:51:11,62.23,-6.59,46.4,93,100,14.99
115,Waipawa,NZ,2020-10-07 06:51:12,-41.41,175.52,57.2,82,0,6.93
116,Saskylakh,RU,2020-10-07 06:51:12,71.92,114.08,18.1,96,14,8.81
117,Bagado,CO,2020-10-07 06:51:13,5.41,-76.42,75.2,92,100,0.54
118,Severo-Kurilsk,RU,2020-10-07 06:51:13,50.68,156.12,47.86,81,7,20.0
119,Port Alfred,ZA,2020-10-07 06:51:13,-33.59,26.89,68.13,74,85,7.05
120,Acari,PE,2020-10-07 06:51:14,-15.43,-74.62,62.33,64,67,3.8
121,Santa Ana,US,2020-10-07 06:47:25,33.75,-117.87,70.0,82,1,4.7
122,Saltpond,GH,2020-10-07 06:49:36,5.21,-1.06,77.11,88,100,8.34
123,Mount Gambier,AU,2020-10-07 06:51:14,-37.83,140.77,53.6,87,75,8.05
124,Ribeira Grande,PT,2020-10-07 06:51:15,38.52,-28.7,68.0,94,75,3.36
125,Bethel,US,2020-10-07 06:51:15,41.37,-73.41,57.0,76,1,5.41
126,Itarema,BR,2020-10-07 06:51:15,-2.92,-39.92,76.5,84,48,13.49
127,Lompoc,US,2020-10-07 06:47:29,34.64,-120.46,55.4,100,90,5.06
128,Ponta Do Sol,PT,2020-10-07 06:51:16,32.67,-17.1,71.6,78,75,9.17
129,Verkhoyansk,RU,2020-10-07 06:51:16,67.54,133.38,35.2,71,99,5.32
130,Gurlan,UZ,2020-10-07 06:51:16,41.84,60.39,51.8,21,0,9.17
131,Guerrero Negro,MX,2020-10-07 06:51:17,27.98,-114.06,76.14,65,100,9.73
132,Port Elizabeth,ZA,2020-10-07 06:49:12,-33.92,25.57,62.6,88,75,10.29
133,Chokurdakh,RU,2020-10-07 06:51:17,70.63,147.92,28.33,93,83,9.48
134,Cidreira,BR,2020-10-07 06:51:17,-30.18,-50.21,60.69,82,88,9.04
135,Calamar,CO,2020-10-07 06:51:17,10.25,-74.91,75.88,90,27,3.24
136,Huarmey,PE,2020-10-07 06:51:18,-10.07,-78.15,62.53,82,31,3.58
137,Muroto,JP,2020-10-07 06:51:18,33.28,134.15,77.0,50,75,13.87
138,Batagay-Alyta,RU,2020-10-07 06:51:18,67.8,130.41,30.09,79,0,7.07
139,Caravelas,BR,2020-10-07 06:51:18,-17.71,-39.25,73.58,90,28,6.91
140,Hobart,AU,2020-10-07 06:51:19,-42.88,147.33,59.0,67,40,9.17
141,Cleveland,US,2020-10-07 06:46:53,41.5,-81.7,62.6,48,75,19.46
142,Praia Da Vitoria,PT,2020-10-07 06:51:19,38.73,-27.07,69.01,94,20,10.09
143,Port Lincoln,AU,2020-10-07 06:51:19,-34.73,135.87,49.78,85,100,14.23
144,Port Keats,AU,2020-10-07 06:51:20,-14.25,129.55,87.76,54,24,6.67
145,Lebu,CL,2020-10-07 06:51:20,-37.62,-73.65,44.24,77,7,4.32
146,Kijang,KR,2020-10-07 06:51:20,35.24,129.21,73.4,25,20,17.22
147,Noumea,NC,2020-10-07 06:51:20,-22.28,166.46,69.8,83,75,4.7
148,Kiama,AU,2020-10-07 06:51:20,-34.68,150.87,66.0,95,100,4.54
149,Dunedin,NZ,2020-10-07 06:51:15,-45.87,170.5,44.01,77,100,3.0
150,Benalla,AU,2020-10-07 06:51:21,-36.55,145.98,62.6,100,90,5.82
151,Jackson,US,2020-10-07 06:51:21,42.42,-122.83,61.0,44,1,1.07
152,Hilo,US,2020-10-07 06:50:49,19.73,-155.09,80.6,74,90,4.03
153,Turkistan,KZ,2020-10-07 06:51:22,43.0,68.0,58.42,25,0,4.81
154,Road Town,VG,2020-10-07 06:51:22,18.42,-64.62,77.0,78,1,6.93
155,Baghdad,IQ,2020-10-07 06:51:22,33.34,44.4,78.8,34,0,6.93
156,Portland,US,2020-10-07 06:49:56,45.52,-122.68,64.4,72,1,3.36
157,Prince Rupert,CA,2020-10-07 06:51:23,54.32,-130.32,44.6,100,1,4.7
158,Anqing,CN,2020-10-07 06:51:23,30.51,117.05,60.67,80,100,7.67
159,San Lorenzo,PY,2020-10-07 06:51:23,-25.33,-57.53,75.2,50,0,4.7
160,Carnarvon,AU,2020-10-07 06:51:24,-24.87,113.63,71.6,43,0,16.11
161,Touros,BR,2020-10-07 06:51:24,-5.2,-35.46,73.4,94,40,4.7
162,Roald,NO,2020-10-07 06:51:24,62.58,6.13,53.01,93,100,6.93
163,Salalah,OM,2020-10-07 06:51:25,17.02,54.09,84.2,58,75,8.05
164,Paamiut,GL,2020-10-07 06:51:25,61.99,-49.67,27.5,77,24,7.25
165,Kavieng,PG,2020-10-07 06:51:25,-2.57,150.8,84.6,68,100,7.45
166,Nanaimo,CA,2020-10-07 06:48:10,49.17,-123.94,63.0,83,0,1.01
167,Urucara,BR,2020-10-07 06:50:19,-2.54,-57.76,73.29,91,100,0.83
168,Laguna,US,2020-10-07 06:47:28,38.42,-121.42,66.99,59,1,3.36
169,Magadan,RU,2020-10-07 06:51:26,59.57,150.8,41.18,62,0,8.28
170,Kuloy,RU,2020-10-07 06:51:26,61.03,42.49,50.5,91,100,10.13
171,Zhovtneve,UA,2020-10-07 06:51:26,50.66,24.25,58.59,74,0,11.27
172,Taoudenni,ML,2020-10-07 06:51:27,22.68,-3.98,89.82,18,0,7.09
173,Chuy,UY,2020-10-07 06:51:27,-33.7,-53.46,48.85,93,11,2.71
174,Nelson Bay,AU,2020-10-07 06:51:27,-32.72,152.15,71.01,82,90,10.29
175,Guadalajara,MX,2020-10-07 06:51:27,20.67,-103.33,62.01,62,75,5.82
176,Kamenka,RU,2020-10-07 06:51:28,51.32,42.77,55.0,51,100,7.9
177,Vanimo,PG,2020-10-07 06:51:28,-2.67,141.3,84.72,70,3,8.52
178,Half Moon Bay,US,2020-10-07 06:51:28,37.46,-122.43,59.0,100,90,9.17
179,Kingman,US,2020-10-07 06:49:01,35.19,-114.05,68.0,14,1,3.36
180,Hillsborough,US,2020-10-07 06:48:32,37.57,-122.38,59.0,87,40,18.34
181,Tirat Karmel,IL,2020-10-07 06:51:29,32.76,34.97,84.0,60,0,4.7
182,Lebane,RS,2020-10-07 06:51:29,42.92,21.74,57.2,93,13,3.36
183,San Quintin,MX,2020-10-07 06:51:29,30.48,-115.95,71.13,75,73,8.63
184,Nome,US,2020-10-07 06:51:29,64.5,-165.41,37.99,74,90,19.46
185,Durban,ZA,2020-10-07 06:47:48,-29.86,31.03,71.6,73,20,13.87
186,Biak,ID,2020-10-07 06:51:30,-0.91,122.88,82.78,67,99,3.15
187,Semirom,IR,2020-10-07 06:51:30,31.42,51.57,64.47,27,0,12.91
188,Vorukh,TJ,2020-10-07 06:51:30,39.85,70.58,56.1,39,45,5.01
189,Rawson,AR,2020-10-07 06:50:49,-43.3,-65.1,50.79,45,0,25.75
190,Pevek,RU,2020-10-07 06:51:31,69.7,170.31,31.08,89,0,6.6
191,Lorengau,PG,2020-10-07 06:51:31,-2.02,147.27,84.15,76,13,7.05
192,Aasiaat,GL,2020-10-07 06:51:31,68.71,-52.87,13.87,91,56,8.39
193,Tasiilaq,GL,2020-10-07 06:51:32,65.61,-37.64,33.8,94,100,14.99
194,Opuwo,NA,2020-10-07 06:51:32,-18.06,13.84,71.78,19,0,1.99
195,Victoria,HK,2020-10-07 06:51:32,22.29,114.16,81.0,67,0,1.01
196,Ugoofaaru,MV,2020-10-07 06:51:32,5.67,73.0,82.13,75,9,13.33
197,Amapa,BR,2020-10-07 06:51:33,1.0,-52.0,70.77,98,26,1.1
198,Alyangula,AU,2020-10-07 06:51:33,-13.85,136.42,87.8,55,75,10.29
199,Nam Som,TH,2020-10-07 06:51:33,17.77,102.19,89.6,62,75,4.7
200,Iralaya,HN,2020-10-07 06:51:33,15.0,-83.23,80.38,81,100,9.06
201,Riyadh,SA,2020-10-07 06:46:43,24.69,46.72,87.8,19,0,8.05
202,Angoram,PG,2020-10-07 06:51:34,-4.06,144.07,84.78,68,60,6.35
203,Namibe,AO,2020-10-07 06:51:34,-15.2,12.15,65.35,75,26,8.01
204,Salamanca,ES,2020-10-07 06:51:34,40.83,-6.0,46.0,100,20,3.36
205,Mangrol,IN,2020-10-07 06:51:35,21.12,70.12,87.44,58,0,6.85
206,Mahon,ES,2020-10-07 06:51:35,39.89,4.27,68.0,82,66,6.93
207,Togur,RU,2020-10-07 06:51:35,58.36,82.83,29.73,95,100,11.48
208,Araouane,ML,2020-10-07 06:51:36,18.9,-3.53,90.57,20,0,13.49
209,Bambous Virieux,MU,2020-10-07 06:51:36,-20.34,57.76,80.6,74,40,11.41
210,Huntsville,US,2020-10-07 06:51:36,34.73,-86.59,59.0,100,1,4.7
211,Abomey,BJ,2020-10-07 06:51:36,7.18,1.99,74.44,93,94,2.13
212,Chara,RU,2020-10-07 06:51:36,56.91,118.26,44.56,56,44,8.95
213,Herat,AF,2020-10-07 06:51:37,34.5,62.0,66.2,20,0,2.24
214,Chumikan,RU,2020-10-07 06:51:37,54.72,135.31,48.72,52,0,17.54
215,Aripuana,BR,2020-10-07 06:51:37,-9.17,-60.63,72.03,94,100,1.79
216,Henties Bay,NA,2020-10-07 06:51:38,-22.12,14.28,55.99,94,100,4.12
217,Omboue,GA,2020-10-07 06:51:38,-1.57,9.26,78.44,81,100,8.23
218,Talnakh,RU,2020-10-07 06:51:38,69.49,88.4,23.0,92,40,13.42
219,Nogales,MX,2020-10-07 06:51:22,31.31,-110.94,66.2,17,1,2.35
220,Qinggang,CN,2020-10-07 06:51:38,46.68,126.08,54.14,43,100,6.87
221,Grand Gaube,MU,2020-10-07 06:51:39,-20.01,57.66,80.6,74,40,11.41
222,Goma,CD,2020-10-07 06:51:39,-1.68,29.22,75.88,48,99,1.86
223,Luderitz,NA,2020-10-07 06:51:39,-26.65,15.16,66.7,56,0,13.13
224,Longyearbyen,SJ,2020-10-07 06:51:40,78.22,15.64,32.0,84,20,9.17
225,Zhigansk,RU,2020-10-07 06:51:40,66.77,123.37,34.5,86,10,8.81
226,Yelovo,RU,2020-10-07 06:51:40,57.05,54.92,46.6,75,25,6.6
227,Tadine,NC,2020-10-07 06:51:41,-21.55,167.88,71.35,80,1,15.23
228,Chingirlau,KZ,2020-10-07 06:51:41,51.09,54.08,56.1,38,80,12.59
229,Tomatlan,MX,2020-10-07 06:51:41,19.93,-105.25,72.48,93,0,3.11
230,Gerash,IR,2020-10-07 06:51:41,27.67,54.14,87.8,25,0,1.28
231,Provideniya,RU,2020-10-07 06:51:42,64.38,-173.3,37.18,93,100,40.38
232,Mandalgovi,MN,2020-10-07 06:51:42,45.76,106.27,55.58,32,100,9.1
233,Posse,BR,2020-10-07 06:51:42,-14.09,-46.37,72.86,38,0,7.27
234,Rio Grande,BR,2020-10-07 06:51:42,-32.03,-52.1,53.01,95,100,2.21
235,Andenes,NO,2020-10-07 06:51:43,69.31,16.12,51.8,76,20,17.22
236,Pervoye Maya,RU,2020-10-07 06:51:43,56.16,44.72,51.8,62,100,8.95
237,Dubti,ET,2020-10-07 06:51:43,11.74,41.09,94.26,20,0,3.47
238,Bengkulu,ID,2020-10-07 06:49:07,-3.8,102.27,80.6,83,100,3.74
239,Fairbanks,US,2020-10-07 06:50:31,64.84,-147.72,39.99,100,90,3.11
240,Tuktoyaktuk,CA,2020-10-07 06:51:44,69.45,-133.04,31.08,98,98,13.18
241,Sharhorod,UA,2020-10-07 06:51:44,48.74,28.09,61.0,95,22,3.47
242,Antofagasta,CL,2020-10-07 06:51:44,-23.65,-70.4,57.2,82,90,4.7
243,Lata,PT,2020-10-07 06:51:45,40.16,-8.33,55.99,96,14,1.99
244,Butaritari,KI,2020-10-07 06:51:45,3.07,172.79,82.67,79,99,9.35
245,Thinadhoo,MV,2020-10-07 06:51:45,0.53,72.93,83.23,74,76,11.56
246,Baindur,IN,2020-10-07 06:51:45,13.87,74.63,82.74,76,100,4.47
247,Ostrovnoy,RU,2020-10-07 06:51:46,68.05,39.51,44.47,80,100,17.58
248,Khatanga,RU,2020-10-07 06:51:46,71.97,102.5,15.85,97,76,8.75
249,Katsuura,JP,2020-10-07 06:51:46,35.13,140.3,68.0,79,100,5.99
250,Saldanha,ZA,2020-10-07 06:51:46,-33.01,17.94,55.4,88,90,5.82
251,Bathsheba,BB,2020-10-07 06:51:46,13.22,-59.52,77.0,94,40,4.7
252,Pedernales,DO,2020-10-07 06:51:47,18.04,-71.74,78.84,67,0,6.42
253,Fairfield,US,2020-10-07 06:51:47,41.27,-73.32,59.0,76,1,6.13
254,Ozu,JP,2020-10-07 06:51:47,33.5,132.55,77.0,57,75,17.22
255,Innisfail,AU,2020-10-07 06:51:48,-17.53,146.03,74.68,70,76,7.81
256,Prince George,CA,2020-10-07 06:50:00,53.92,-122.75,35.6,70,1,2.24
257,Tvedestrand,NO,2020-10-07 06:51:48,58.62,8.93,51.01,100,75,4.7
258,Dakar,SN,2020-10-07 06:48:49,14.69,-17.44,82.4,88,40,9.17
259,Lagoa,PT,2020-10-07 06:51:49,39.05,-27.98,69.64,81,3,11.25
260,Khandyga,RU,2020-10-07 06:51:49,62.67,135.6,35.74,93,71,1.03
261,Vila Franca Do Campo,PT,2020-10-07 06:51:49,37.72,-25.43,68.0,94,40,6.93
262,Leon Valley,US,2020-10-07 06:51:50,29.5,-98.62,73.4,69,1,4.7
263,Tommot,RU,2020-10-07 06:51:50,58.96,126.29,49.98,51,2,1.1
264,Comodoro Rivadavia,AR,2020-10-07 06:51:50,-45.87,-67.5,44.6,48,0,20.8
265,Tubuala,PA,2020-10-07 06:51:50,9.52,-79.03,78.01,94,75,4.7
266,Nioro,GM,2020-10-07 06:51:51,13.35,-15.75,75.99,89,81,3.53
267,Presidencia Roque Saenz Pena,AR,2020-10-07 06:51:51,-26.79,-60.44,58.05,77,85,5.73
268,Helena,US,2020-10-07 06:51:51,46.59,-112.04,60.8,41,1,4.9
269,Byron Bay,AU,2020-10-07 06:50:28,-28.65,153.62,73.4,56,1,13.87
270,Coos Bay,US,2020-10-07 06:51:51,43.37,-124.22,55.99,100,90,3.36
271,Jacareacanga,BR,2020-10-07 06:51:52,-6.22,-57.75,71.53,97,94,1.68
272,Panguna,PG,2020-10-07 06:51:52,-6.32,155.48,73.56,92,92,0.69
273,Vangaindrano,MG,2020-10-07 06:51:52,-23.35,47.6,67.01,92,100,6.67
274,Lethem,GY,2020-10-07 06:51:53,3.38,-59.8,74.75,88,100,3.69
275,Khorixas,NA,2020-10-07 06:51:53,-20.37,14.97,68.05,28,0,4.25
276,Cayenne,GF,2020-10-07 06:51:53,4.93,-52.33,75.2,100,66,7.09
277,Tuy Hoa,VN,2020-10-07 06:51:54,13.08,109.3,82.45,86,100,7.45
278,College,US,2020-10-07 06:51:54,64.86,-147.8,41.0,93,90,4.7
279,Kontagora,NG,2020-10-07 06:51:54,10.4,5.47,71.02,91,84,3.38
280,Tarakan,ID,2020-10-07 06:51:54,3.3,117.63,83.89,72,100,6.26
281,Baykit,RU,2020-10-07 06:51:55,61.67,96.37,34.86,83,100,8.88
282,Aitape,PG,2020-10-07 06:51:55,-3.14,142.35,84.42,71,43,7.9
283,Thompson,CA,2020-10-07 06:51:55,55.74,-97.86,30.2,92,75,0.51
284,Miri,MY,2020-10-07 06:51:55,4.41,114.01,87.8,70,40,8.05
285,Shelburne,CA,2020-10-07 06:51:56,44.08,-80.2,57.2,71,1,11.41
286,Gogrial,SS,2020-10-07 06:51:56,8.53,28.1,81.63,76,31,3.47
287,Saint-Joseph,RE,2020-10-07 06:51:56,-21.37,55.62,78.8,74,20,11.41
288,Borujerd,IR,2020-10-07 06:51:56,33.9,48.75,73.4,33,0,13.44
289,Mwinilunga,ZM,2020-10-07 06:51:57,-11.74,24.43,85.32,35,88,2.84
290,Bud,US,2020-10-07 06:51:57,39.45,-86.18,60.01,62,1,6.93
291,Petlawad,IN,2020-10-07 06:51:57,23.0,74.8,90.52,28,100,6.11
292,Deputatskiy,RU,2020-10-07 06:51:57,69.3,139.9,23.63,91,4,23.42
293,Adrar,MR,2020-10-07 06:51:57,20.5,-10.07,85.86,27,49,14.76
294,Fonte Boa,BR,2020-10-07 06:51:58,-2.5,-66.27,72.28,96,100,0.36
295,Khovu-Aksy,RU,2020-10-07 06:51:58,51.13,93.6,37.09,77,100,2.91
296,Atar,MR,2020-10-07 06:51:58,20.52,-13.05,85.55,47,57,5.48
297,Nyurba,RU,2020-10-07 06:51:59,63.28,118.33,45.73,70,100,7.99
298,Balabac,PH,2020-10-07 06:51:59,7.99,117.06,85.08,70,100,9.15
299,Komsomolskiy,UZ,2020-10-07 06:51:59,40.43,71.72,60.8,36,4,2.24
300,Cabo San Lucas,MX,2020-10-07 06:51:59,22.89,-109.91,80.01,72,0,1.99
301,Nijar,ES,2020-10-07 06:47:20,36.97,-2.21,60.8,67,8,2.24
302,Agde,FR,2020-10-07 06:52:00,43.31,3.48,59.0,77,100,6.93
303,Virginia Beach,US,2020-10-07 06:47:49,36.85,-75.98,61.0,77,1,4.7
304,Geraldton,AU,2020-10-07 06:50:51,-28.77,114.6,73.4,27,0,19.46
305,Tuatapere,NZ,2020-10-07 06:52:01,-46.13,167.68,46.0,70,80,5.01
306,Santa Cruz,BO,2020-10-07 06:51:47,-17.8,-63.17,77.0,88,0,8.05
307,Maceio,BR,2020-10-07 06:51:49,-9.67,-35.74,69.8,100,75,1.12
308,Sorochinsk,RU,2020-10-07 06:52:02,52.43,53.16,54.05,49,88,8.61
309,Karla,EE,2020-10-07 06:52:02,59.37,24.93,50.0,93,0,6.93
310,Were Ilu,ET,2020-10-07 06:52:02,10.6,39.43,62.15,44,0,7.38
311,Novopokrovka,UA,2020-10-07 06:52:03,49.84,36.55,60.8,38,0,13.42
312,Vuktyl,RU,2020-10-07 06:52:03,63.86,57.31,37.4,75,18,7.76
313,Volosovo,RU,2020-10-07 06:52:03,59.43,29.48,54.0,93,90,4.47
314,Port Said,EG,2020-10-07 06:52:04,31.26,32.28,82.4,74,0,8.05
315,Olinda,BR,2020-10-07 06:52:04,-8.01,-34.86,78.8,78,75,8.05
316,Carutapera,BR,2020-10-07 06:52:04,-1.2,-46.02,77.56,82,100,7.29
317,Mbaiki,CF,2020-10-07 06:52:05,3.87,17.99,79.3,69,42,2.37
318,Si Sa Ket,TH,2020-10-07 06:52:05,15.11,104.33,82.99,83,100,12.26
319,Ibadan,NG,2020-10-07 06:52:05,7.39,3.9,73.54,91,100,1.63
320,Americo Brasiliense,BR,2020-10-07 06:52:05,-21.72,-48.1,75.51,39,43,3.29
321,Raudeberg,NO,2020-10-07 06:52:05,61.99,5.14,54.0,84,98,7.18
322,Kalianget,ID,2020-10-07 06:52:06,-7.05,113.93,86.85,52,95,10.36
323,Bubaque,GW,2020-10-07 06:52:06,11.28,-15.83,82.62,75,100,5.88
324,Cumbum,IN,2020-10-07 06:52:06,9.73,77.3,89.6,49,21,5.79
325,Manaure,CO,2020-10-07 06:52:06,11.78,-72.44,81.52,82,100,8.48
326,Moba,CN,2020-10-07 06:52:07,33.23,105.02,50.95,84,100,7.05
327,Bandarbeyla,SO,2020-10-07 06:52:07,9.49,50.81,84.18,61,3,12.3
328,Tunceli,TR,2020-10-07 06:52:07,39.11,39.55,64.4,31,0,2.24
329,Fortuna,US,2020-10-07 06:52:07,40.6,-124.16,55.99,95,36,2.04
330,Marawi,PH,2020-10-07 06:52:07,8.0,124.29,82.99,79,100,4.0
331,Ghosi,IN,2020-10-07 06:52:08,26.11,83.54,91.44,45,29,4.36
332,Rye Brook,US,2020-10-07 06:52:08,41.02,-73.68,63.0,77,75,4.7
333,Sitka,US,2020-10-07 06:52:08,57.05,-135.33,46.4,87,40,6.93
334,Taguatinga,BR,2020-10-07 06:52:08,-12.39,-46.57,76.24,28,8,6.64
335,Waingapu,ID,2020-10-07 06:52:09,-9.66,120.26,85.68,54,50,11.32
336,Maraba,BR,2020-10-07 06:52:09,-5.37,-49.12,78.8,88,95,4.7
337,Beloha,MG,2020-10-07 06:52:09,-25.17,45.05,75.11,55,56,16.15
338,Vilyuysk,RU,2020-10-07 06:52:10,63.76,121.62,42.22,64,100,6.22
339,Xunchang,CN,2020-10-07 06:52:10,28.45,104.72,67.55,70,80,2.55
340,Houma,US,2020-10-07 06:52:10,29.6,-90.72,73.0,100,90,5.82
341,Rio Gallegos,AR,2020-10-07 06:51:29,-51.62,-69.22,33.8,86,0,12.75
342,Belaya Gora,RU,2020-10-07 06:52:10,68.53,146.42,32.74,87,91,10.33
343,South Venice,US,2020-10-07 06:52:11,27.05,-82.42,80.01,94,1,12.75
344,Muros,ES,2020-10-07 06:52:11,42.78,-9.06,62.01,96,53,2.42
345,Cairns,AU,2020-10-07 06:48:03,-16.92,145.77,80.01,57,90,12.75
346,Ketchikan,US,2020-10-07 06:52:11,55.34,-131.65,42.8,93,1,3.36
347,Scranton,US,2020-10-07 06:50:21,41.41,-75.66,59.0,62,40,4.7
348,Lilongwe,MW,2020-10-07 06:52:12,-13.97,33.79,71.6,64,75,16.11
349,Meulaboh,ID,2020-10-07 06:52:12,4.14,96.13,82.92,66,84,4.45
350,Husavik,IS,2020-10-07 06:52:12,66.04,-17.34,42.8,87,90,8.05
351,Primorsko-Akhtarsk,RU,2020-10-07 06:52:12,46.05,38.17,63.77,58,0,17.29
352,Turukhansk,RU,2020-10-07 06:52:13,65.82,87.98,31.3,91,47,6.35
353,Alugan,PH,2020-10-07 06:52:13,12.22,125.48,84.74,79,100,5.7
354,Narsaq,GL,2020-10-07 06:52:13,60.92,-46.05,21.2,48,0,8.05
355,Kununurra,AU,2020-10-07 06:52:14,-15.77,128.73,93.2,46,40,12.75
356,Port Blair,IN,2020-10-07 06:52:14,11.67,92.75,84.0,74,27,11.63
357,Wajid,SO,2020-10-07 06:52:14,3.81,43.25,84.34,57,45,12.12
358,Ayagoz,KZ,2020-10-07 06:52:14,47.97,80.44,41.09,58,74,17.36
359,Ariyalur,IN,2020-10-07 06:52:15,11.13,79.08,93.2,56,8,11.41
360,East London,ZA,2020-10-07 06:52:15,-33.02,27.91,71.6,68,0,9.17
361,Sobolevo,RU,2020-10-07 06:52:15,54.43,31.9,52.09,73,100,10.49
362,Lodwar,KE,2020-10-07 06:52:15,3.12,35.6,91.4,28,5,19.33
363,Livani,LV,2020-10-07 06:52:15,56.35,26.18,55.72,74,0,4.94
364,Agaro,ET,2020-10-07 06:52:16,7.85,36.65,72.93,56,0,2.08
365,Lichinga,MZ,2020-10-07 06:52:16,-13.31,35.24,69.8,73,75,13.87
366,Sarangani,PH,2020-10-07 06:52:17,5.4,125.46,82.13,77,100,9.69
367,Vao,NC,2020-10-07 06:52:17,-22.67,167.48,71.11,78,2,19.53
368,Banda Aceh,ID,2020-10-07 06:52:17,5.56,95.32,84.36,66,100,14.09
369,Bereda,ES,2020-10-07 06:52:18,43.27,-7.54,63.0,100,96,5.01
370,Grafton,US,2020-10-07 06:51:14,42.21,-71.69,55.99,82,1,10.29
371,Sabang,ID,2020-10-07 06:52:18,5.89,95.32,81.55,79,100,19.86
372,Hambantota,LK,2020-10-07 06:52:18,6.12,81.12,91.4,52,20,13.87
373,Souillac,MU,2020-10-07 06:52:18,-20.52,57.52,80.6,74,40,11.41
374,Balkhash,KZ,2020-10-07 06:52:19,46.84,74.98,46.4,49,20,15.66
375,Nouadhibou,MR,2020-10-07 06:47:54,20.93,-17.03,69.8,94,14,8.05
376,Baoqing,CN,2020-10-07 06:52:19,46.33,132.21,53.76,49,29,7.49
377,Den Helder,NL,2020-10-07 06:52:19,52.96,4.76,57.0,82,40,11.41
378,Upata,VE,2020-10-07 06:52:19,8.01,-62.4,75.99,81,100,4.0
379,Ayia Galini,GR,2020-10-07 06:52:20,35.1,24.68,90.0,32,98,3.47
380,Ravar,IR,2020-10-07 06:52:20,31.27,56.81,80.55,16,0,8.86
381,Brigg,GB,2020-10-07 06:52:20,53.55,-0.49,51.8,87,0,11.41
382,Hirara,JP,2020-10-07 06:52:20,24.8,125.28,82.4,54,20,16.11
383,Ust-Kan,RU,2020-10-07 06:52:21,50.93,84.76,32.76,87,100,9.86
384,Sampit,ID,2020-10-07 06:52:21,-2.53,112.95,94.46,44,87,7.72
385,Bay Roberts,CA,2020-10-07 06:52:21,47.6,-53.26,50.0,1,5,11.43
386,Nalut,LY,2020-10-07 06:52:21,30.33,10.85,67.35,75,1,19.01
387,Viedma,AR,2020-10-07 06:52:21,-40.81,-63.0,52.0,48,36,4.0
388,Bageshwar,IN,2020-10-07 06:52:22,29.85,79.77,88.14,29,0,3.33
389,Kungurtug,RU,2020-10-07 06:52:22,50.6,97.52,45.88,56,100,2.98
390,Heilbad Heiligenstadt,DE,2020-10-07 06:52:22,51.38,10.13,52.0,71,73,4.0
391,Kumbo,CM,2020-10-07 06:52:22,6.2,10.67,64.18,87,89,0.72
392,Udachnyy,RU,2020-10-07 06:52:23,66.42,112.4,26.6,100,90,11.18
393,Burnie,AU,2020-10-07 06:52:23,-41.07,145.92,55.0,60,100,3.0
394,Namtsy,RU,2020-10-07 06:52:23,62.72,129.67,48.2,49,0,8.95
395,Licata,IT,2020-10-07 06:52:24,37.11,13.95,62.6,93,50,4.7
396,Mugur-Aksy,RU,2020-10-07 06:52:24,50.35,90.5,36.39,71,100,4.65
397,Yeppoon,AU,2020-10-07 06:52:24,-23.13,150.73,77.0,53,40,10.29
398,Itoman,JP,2020-10-07 06:52:24,26.12,127.67,82.4,65,40,28.86
399,Kieta,PG,2020-10-07 06:52:25,-6.22,155.63,82.56,67,62,3.69
400,Port Hedland,AU,2020-10-07 06:52:25,-20.32,118.57,80.6,26,0,12.75
401,Oistins,BB,2020-10-07 06:52:25,13.07,-59.53,77.0,94,40,4.7
402,Sorland,NO,2020-10-07 06:52:25,67.67,12.69,53.6,81,75,19.46
403,Lufilufi,WS,2020-10-07 06:52:25,-13.87,-171.6,80.01,94,40,6.93
404,Ormstown,CA,2020-10-07 06:52:26,45.13,-74.0,57.99,71,97,8.97
405,Karasburg,NA,2020-10-07 06:52:26,-28.02,18.75,72.9,27,0,3.8
406,Kharp,RU,2020-10-07 06:52:26,66.8,65.81,36.03,79,94,10.83
407,Beaver Dam,US,2020-10-07 06:49:43,43.46,-88.84,59.0,62,40,13.02
408,Darnah,LY,2020-10-07 06:52:26,32.77,22.64,85.87,36,94,5.59
409,Mazatlan,MX,2020-10-07 06:52:27,23.22,-106.42,78.8,88,5,5.17
410,Luanda,AO,2020-10-07 06:47:52,-8.84,13.23,73.4,83,75,4.7
411,Te Anau,NZ,2020-10-07 06:50:04,-45.42,167.72,41.2,90,79,5.37
412,Cuamba,MZ,2020-10-07 06:52:27,-14.8,36.54,83.5,44,95,1.25
413,Quthing,LS,2020-10-07 06:52:28,-30.4,27.7,66.42,41,0,3.8
414,Limbang,MY,2020-10-07 06:52:28,4.75,115.0,87.8,70,75,5.82
415,Bela Palanka,RS,2020-10-07 06:52:28,43.22,22.31,59.0,93,100,3.36
416,Ornskoldsvik,SE,2020-10-07 06:52:28,63.29,18.72,50.0,100,100,21.92
417,Poum,NC,2020-10-07 06:52:28,-20.23,164.02,72.82,78,1,21.27
418,Codrington,AU,2020-10-07 06:52:29,-38.27,141.97,52.05,93,100,8.28
419,Naze,JP,2020-10-07 06:52:29,28.37,129.48,77.0,83,75,29.97
420,Phalaborwa,ZA,2020-10-07 06:52:29,-23.94,31.14,62.6,100,100,5.82
421,Tecoanapa,MX,2020-10-07 06:52:29,16.52,-98.75,75.88,92,8,5.75
422,Mashivka,UA,2020-10-07 06:52:30,49.44,34.87,63.66,39,76,18.61
423,Mahebourg,MU,2020-10-07 06:52:30,-20.41,57.7,80.6,74,40,11.41
424,Oktyabrskoye,RU,2020-10-07 06:52:30,43.06,44.74,53.6,81,40,6.71
425,Vidim,RU,2020-10-07 06:52:30,56.41,103.11,37.45,72,95,9.55
426,Conceicao Do Araguaia,BR,2020-10-07 06:52:30,-8.26,-49.26,76.3,73,100,0.72
427,Gizo,SB,2020-10-07 06:52:31,-8.1,156.84,83.62,72,7,7.25
428,Nador,MA,2020-10-07 06:52:31,35.17,-2.93,59.0,77,28,4.7
429,Mizdah,LY,2020-10-07 06:52:31,31.45,12.98,69.42,70,71,14.16
430,Neka,IR,2020-10-07 06:52:31,36.65,53.3,62.6,93,90,9.17
431,Berlevag,NO,2020-10-07 06:52:31,70.86,29.09,46.4,75,75,12.75
432,Takoradi,GH,2020-10-07 06:52:32,4.88,-1.76,77.36,88,100,7.14
433,Dongkan,CN,2020-10-07 06:52:32,34.0,119.83,68.11,58,97,9.82
434,Colgong,IN,2020-10-07 06:52:32,25.27,87.22,91.94,57,90,5.99
435,San Cristobal,VE,2020-10-07 06:52:33,7.77,-72.22,65.62,91,100,1.23
436,Stornoway,GB,2020-10-07 06:52:33,58.21,-6.39,52.0,93,75,14.99
437,Dhana,IN,2020-10-07 06:52:33,23.75,78.85,87.67,31,29,7.36
438,Maragogi,BR,2020-10-07 06:52:33,-9.01,-35.22,73.47,86,13,6.64
439,Dawlatabad,AF,2020-10-07 06:52:34,36.41,64.91,68.34,22,0,5.79
440,Daru,PG,2020-10-07 06:52:34,-9.08,143.21,79.0,80,100,15.3
441,Castelo Do Piaui,BR,2020-10-07 06:52:34,-5.32,-41.55,71.37,59,83,3.13
442,Bosaso,SO,2020-10-07 06:52:34,11.28,49.18,87.8,62,0,5.82
443,Cockburn Town,TC,2020-10-07 06:48:44,21.46,-71.14,81.84,75,0,16.67
444,Coffs Harbour,AU,2020-10-07 06:52:35,-30.3,153.13,71.6,73,80,11.41
445,Madang,PG,2020-10-07 06:52:35,-5.22,145.8,83.19,73,100,7.23
446,Funadhoo,MV,2020-10-07 06:52:35,6.15,73.27,81.93,75,63,13.87
447,Anori,BR,2020-10-07 06:52:35,-3.77,-61.64,70.74,95,75,1.34
448,Cabadiangan,PH,2020-10-07 06:52:36,9.75,122.47,81.57,80,100,8.48
449,Marienburg,PL,2020-10-07 06:52:36,54.04,19.03,54.0,100,67,11.41
450,Yulara,AU,2020-10-07 06:52:37,-25.24,130.99,69.8,23,0,5.82
451,Honolulu,US,2020-10-07 06:50:27,21.31,-157.86,80.6,61,40,10.29
452,Ayan,RU,2020-10-07 06:52:37,56.45,138.17,49.12,60,91,11.3
453,Karasjok,NO,2020-10-07 06:52:37,69.47,25.51,46.4,81,75,40.26
454,Buala,SB,2020-10-07 06:52:38,-8.14,159.59,82.51,73,96,4.32
455,Port Hardy,CA,2020-10-07 06:52:38,50.7,-127.42,44.6,100,20,3.36
456,Kiunga,PG,2020-10-07 06:52:38,-6.12,141.29,84.7,78,100,1.72
457,Digby,CA,2020-10-07 06:52:39,44.62,-65.77,51.01,91,98,3.0
458,Tyrma,RU,2020-10-07 06:52:39,50.08,132.17,47.62,57,99,6.38
459,Issenye,TZ,2020-10-07 06:52:39,-2.0,34.33,83.21,29,7,5.86
460,Saint-Leu,RE,2020-10-07 06:52:39,-21.15,55.28,78.8,74,20,11.41
461,Margate,GB,2020-10-07 06:47:56,51.38,1.39,51.01,84,97,5.01
462,Rio Cauto,CU,2020-10-07 06:52:40,20.56,-76.92,80.6,88,40,9.17
463,Manakara,MG,2020-10-07 06:52:40,-22.13,48.02,69.66,83,100,3.76
464,Porbandar,IN,2020-10-07 06:52:40,21.64,69.61,89.6,59,0,10.29
465,Sheffield,GB,2020-10-07 06:52:01,53.38,-1.47,51.01,83,6,3.0
466,Verkh-Usugli,RU,2020-10-07 06:52:41,52.7,115.17,42.85,60,100,4.32
467,Catuday,PH,2020-10-07 06:52:41,16.29,119.81,84.33,75,100,7.92
468,Mormugao,IN,2020-10-07 06:52:41,15.4,73.8,87.8,66,40,5.82
469,Yenagoa,NG,2020-10-07 06:52:41,4.92,6.26,77.25,89,87,1.95
470,Le Port,RE,2020-10-07 06:52:42,-20.94,55.29,78.8,74,75,16.11
471,Quelimane,MZ,2020-10-07 06:52:42,-17.88,36.89,78.8,65,75,9.17
472,Chamalieres,FR,2020-10-07 06:52:42,45.78,3.06,53.6,66,75,4.7
473,Ifanadiana,MG,2020-10-07 06:52:43,-21.3,47.63,70.45,80,94,3.2
474,Lewistown,US,2020-10-07 06:52:43,40.6,-77.57,55.99,100,20,5.46
475,Mukhen,RU,2020-10-07 06:52:44,48.1,136.1,50.52,62,74,8.16
476,Oranjestad,AW,2020-10-07 06:52:44,12.52,-70.03,78.8,88,20,5.82
477,Terrace,CA,2020-10-07 06:52:44,54.52,-128.6,44.6,93,75,11.41
478,Roma,US,2020-10-07 06:52:44,43.21,-75.46,62.6,48,90,4.7
479,Tilichiki,RU,2020-10-07 06:52:45,60.47,166.1,34.56,89,100,27.11
480,Salinas,US,2020-10-07 06:52:45,36.68,-121.66,55.4,93,90,3.36
481,Khambhat,IN,2020-10-07 06:52:45,22.3,72.62,91.4,52,19,5.82
482,Parrita,CR,2020-10-07 06:52:45,9.52,-84.32,68.0,100,75,3.36
483,Korla,CN,2020-10-07 06:52:46,41.76,86.15,65.84,21,0,11.83
484,Dongsheng,CN,2020-10-07 06:52:46,39.82,109.98,59.79,33,0,14.36
485,Iquique,CL,2020-10-07 06:52:08,-20.22,-70.14,59.0,82,90,4.7
486,Maniitsoq,GL,2020-10-07 06:52:47,65.42,-52.9,24.82,84,0,9.53
487,Dingle,PH,2020-10-07 06:52:47,11.0,122.67,81.23,86,100,2.42
488,Taltal,CL,2020-10-07 06:52:47,-25.4,-70.48,57.83,75,94,4.56
489,Lydenburg,ZA,2020-10-07 06:52:47,-25.1,30.46,63.0,100,99,5.01
490,San Francisco,US,2020-10-07 06:48:30,37.77,-122.42,57.0,87,40,18.34
491,Kjollefjord,NO,2020-10-07 06:52:48,70.95,27.35,46.4,75,75,21.92
492,Chiredzi,ZW,2020-10-07 06:52:48,-21.05,31.67,74.71,59,100,11.74
493,Kindu,CD,2020-10-07 06:52:48,-2.95,25.95,77.7,74,31,4.21
494,Dawei,MM,2020-10-07 06:52:48,14.08,98.2,84.43,81,78,4.63
495,Port-Gentil,GA,2020-10-07 06:52:49,-0.72,8.78,77.0,94,90,5.82
496,Saint-Pierre,RE,2020-10-07 06:51:53,-21.34,55.48,78.8,74,20,11.41
497,Wewak,PG,2020-10-07 06:52:49,-3.55,143.63,82.98,73,25,8.03
498,Bonthe,SL,2020-10-07 06:52:50,7.53,-12.51,76.6,88,99,3.06
499,Sunrise Manor,US,2020-10-07 06:52:50,36.21,-115.07,78.8,9,20,2.24
500,Chabahar,IR,2020-10-07 06:52:50,25.29,60.64,86.0,51,0,6.24
501,Camopi,GF,2020-10-07 06:52:50,3.17,-52.32,71.51,97,75,0.74
502,Bagdarin,RU,2020-10-07 06:52:51,54.43,113.6,40.57,66,100,3.78
503,Pitimbu,BR,2020-10-07 06:52:51,-7.47,-34.81,73.4,94,20,4.7
504,Bellview,US,2020-10-07 06:52:52,30.46,-87.31,75.2,94,90,5.82
505,Anadyr,RU,2020-10-07 06:52:52,64.75,177.48,37.4,86,90,35.79
506,Sur,OM,2020-10-07 06:52:52,22.57,59.53,93.18,24,15,6.17
507,Kayankulam,IN,2020-10-07 06:52:52,9.18,76.5,82.47,80,84,13.35
508,Hamilton,US,2020-10-07 06:52:53,39.18,-84.53,59.0,62,1,8.05
509,Bijie,CN,2020-10-07 06:52:53,27.31,105.29,56.39,83,100,2.24
510,Shetpe,KZ,2020-10-07 06:52:53,44.17,52.12,54.3,31,0,10.94
511,Mubende,UG,2020-10-07 06:52:53,0.56,31.39,80.29,49,1,2.93
512,Norman Wells,CA,2020-10-07 06:52:54,65.28,-126.83,37.4,89,40,9.17
513,Glenwood Springs,US,2020-10-07 06:52:54,39.55,-107.32,48.2,17,1,4.7
514,Kazachinskoye,RU,2020-10-07 06:52:54,57.7,93.28,36.99,79,100,12.12
515,Nagapattinam,IN,2020-10-07 06:52:55,10.77,79.83,91.67,51,0,4.05
516,Ambunti,PG,2020-10-07 06:52:55,-4.24,142.84,91.17,57,82,2.44
517,Yarada,IN,2020-10-07 06:52:55,17.65,83.27,86.0,79,75,3.36
518,Coquimbo,CL,2020-10-07 06:52:55,-29.95,-71.34,50.0,81,0,5.82
519,Igbon,PH,2020-10-07 06:52:55,11.21,123.17,81.16,83,100,10.87
520,Manokwari,ID,2020-10-07 06:52:56,-0.87,134.08,82.62,76,86,7.23
521,Pauini,BR,2020-10-07 06:52:56,-7.71,-66.98,71.94,96,100,2.28
522,Honningsvag,NO,2020-10-07 06:52:56,70.98,25.97,46.4,75,75,21.92
523,Kudahuvadhoo,MV,2020-10-07 06:52:08,2.67,72.89,82.71,79,56,11.81
524,Kavaratti,IN,2020-10-07 06:52:57,10.57,72.64,81.03,77,0,13.11
525,Camargo,MX,2020-10-07 06:52:57,27.67,-105.17,65.71,32,0,2.21
526,Dicabisagan,PH,2020-10-07 06:52:58,17.08,122.42,79.86,85,100,11.45
527,Uvelskiy,RU,2020-10-07 06:52:58,54.44,61.36,40.91,71,77,12.62
528,Nikko,JP,2020-10-07 06:52:58,36.75,139.62,68.0,52,75,10.29
529,Sola,VU,2020-10-07 06:52:58,-13.88,167.55,80.6,88,90,5.82
530,Hohhot,CN,2020-10-07 06:52:59,40.81,111.65,64.4,36,0,6.71
531,Corinth,GR,2020-10-07 06:52:59,37.94,22.96,78.01,51,88,1.99
532,Maarianhamina,AX,2020-10-07 06:52:59,60.1,19.93,57.2,87,40,17.22
533,Mecca,SA,2020-10-07 06:52:22,21.43,39.83,95.92,30,0,6.33
534,Amahai,ID,2020-10-07 06:53:00,-3.33,128.92,82.24,77,100,4.34
535,Flinders,AU,2020-10-07 06:53:00,-34.58,150.86,66.0,90,100,1.99
536,Ryki,PL,2020-10-07 06:53:00,51.63,21.93,57.0,10,98,5.37
537,Kosa,RU,2020-10-07 06:53:01,59.94,55.0,37.72,88,98,3.74
538,Menongue,AO,2020-10-07 06:53:01,-14.66,17.69,83.07,17,11,3.62
539,Belmonte,BR,2020-10-07 06:53:01,-15.86,-38.88,71.6,88,20,5.82
540,Puerto Quijarro,BO,2020-10-07 06:53:02,-17.78,-57.77,79.47,37,99,2.95
541,Shimoda,JP,2020-10-07 06:53:02,34.67,138.95,66.2,77,90,17.22
542,Micheweni,TZ,2020-10-07 06:53:02,-4.97,39.83,82.06,65,62,7.81
543,Arlit,NE,2020-10-07 06:50:29,18.74,7.39,92.84,12,0,9.89
544,Roswell,US,2020-10-07 06:53:02,34.02,-84.36,60.8,93,1,0.74
545,Ogaminana,NG,2020-10-07 06:53:03,7.59,6.22,70.97,91,100,2.59
546,Nemuro,JP,2020-10-07 06:53:03,43.32,145.57,55.4,87,75,6.93
547,Lugovoy,KZ,2020-10-07 06:53:03,42.95,72.76,53.64,40,0,4.79
548,Strehaia,RO,2020-10-07 06:53:03,44.62,23.2,61.0,100,90,2.24
549,Mantua,IT,2020-10-07 06:53:04,45.17,10.78,57.99,90,0,4.0
550,Rongcheng,CN,2020-10-07 06:53:04,30.63,117.85,61.65,83,100,4.29
551,Targusor,RO,2020-10-07 06:53:04,44.45,28.42,68.0,77,0,12.75
552,Plaster Rock,CA,2020-10-07 06:53:05,46.91,-67.39,53.6,81,90,5.82
553,Suhut,TR,2020-10-07 06:53:05,38.53,30.55,60.8,48,78,4.7
554,Teya,RU,2020-10-07 06:53:05,60.38,92.63,34.9,85,100,11.97
555,Tamandare,BR,2020-10-07 06:53:05,-8.76,-35.1,73.9,86,14,6.55
556,Sabha,LY,2020-10-07 06:53:06,27.04,14.43,83.82,17,0,9.86
557,Aksu,CN,2020-10-07 06:53:06,41.12,80.26,66.67,23,0,1.19
